{
  "PM": {
    "a": 0.0196,
    "b": -0.00314,
    "epsylon": 4264
  },
  "FRAP": {
    "a": 0.06449,
    "b": 0.067,
    "epsylon": 17520
  },
  "Folin": {
    "a": 0.01,
    "b": 0.01,
    "epsylon": 1
  }
}
